,Symbol,Security,GICS Sector,GICS Sub Industry,Headquarters Location,Date first added,GICS Codes/ Sub-industries,NAICS
0,MMM,3M Company,Industrials,Industrial Conglomerates,"St. Paul, Minnesota",1976-08-09,Industrial Conglomerates,Manufacturing
1,ABT,Abbott Laboratories,Health Care,Health Care Equipment,"North Chicago, Illinois",1964-03-31,Health Care Equipment,Health care and social assistance
2,ABBV,AbbVie Inc.,Health Care,Pharmaceuticals,"North Chicago, Illinois",2012-12-31,Pharmaceuticals,Health care and social assistance
3,ABMD,ABIOMED Inc,Health Care,Health Care Equipment,"Danvers, Massachusetts",2018-05-31,Health Care Equipment,Health care and social assistance
4,ACN,Accenture plc,Information Technology,IT Consulting & Other Services,"Dublin, Ireland",2011-07-06,IT Consulting & Other Services,"Professional, scientific, and technical services"
5,ATVI,Activision Blizzard,Communication Services,Interactive Home Entertainment,"Santa Monica, California",2015-08-31,Interactive Home Entertainment,"Arts, entertainment, and recreation"
6,ADBE,Adobe Inc.,Information Technology,Application Software,"San Jose, California",1997-05-05,Application Software,Information
7,AMD,Advanced Micro Devices Inc,Information Technology,Semiconductors,"Santa Clara, California",2017-03-20,Semiconductors,Information
8,AAP,Advance Auto Parts,Consumer Discretionary,Automotive Retail,"Raleigh, North Carolina",2015-07-09,Automotive Retail,Retail trade
9,AES,AES Corp,Utilities,Independent Power Producers & Energy Traders,"Arlington, Virginia",1998-10-02,Independent Power Producers & Energy Traders,Utilities
10,AFL,AFLAC Inc,Financials,Life & Health Insurance,"Columbus, Georgia",1999-05-28,Life & Health Insurance,Finance and insurance
11,A,Agilent Technologies Inc,Health Care,Health Care Equipment,"Santa Clara, California",2000-06-05,Health Care Equipment,Health care and social assistance
12,APD,Air Products & Chemicals Inc,Materials,Industrial Gases,"Allentown, Pennsylvania",1985-04-30,Industrial Gases,"Mining, quarrying, and oil and gas extraction"
13,AKAM,Akamai Technologies Inc,Information Technology,Internet Services & Infrastructure,"Cambridge, Massachusetts",2007-07-12,Internet Services & Infrastructure,Utilities
14,ALK,Alaska Air Group Inc,Industrials,Airlines,"Seattle, Washington",2016-05-13,Airlines,Transportation and warehousing
15,ALB,Albemarle Corp,Materials,Specialty Chemicals,"Charlotte, North Carolina",2016-07-01,Specialty Chemicals,Other services (except government and government enterprises)
16,ARE,Alexandria Real Estate Equities,Real Estate,Office REITs,"Pasadena, California",2017-03-20,Office REITs,Real estate and rental and leasing
17,ALXN,Alexion Pharmaceuticals,Health Care,Biotechnology,"Boston, Massachusetts",2012-05-25,,
18,ALGN,Align Technology,Health Care,Health Care Supplies,"San Jose, California",2017-06-19,,
19,ALLE,Allegion,Industrials,Building Products,"Dublin, Ireland",2013-12-02,Building Products,Construction
20,ADS,Alliance Data Systems,Information Technology,Data Processing & Outsourced Services,"Plano, Texas",2013-12-23,Data Processing & Outsourced Services,"Professional, scientific, and technical services"
21,LNT,Alliant Energy Corp,Utilities,Electric Utilities,"Madison, Wisconsin",2016-07-01,Electric Utilities,Utilities
22,ALL,Allstate Corp,Financials,Property & Casualty Insurance,"Northfield Township, Illinois",1995-07-13,Property & Casualty Insurance,Finance and insurance
23,GOOGL,Alphabet Inc Class A,Communication Services,Interactive Media & Services,"Mountain View, California",2014-04-03,Interactive Media & Services,"Arts, entertainment, and recreation"
24,GOOG,Alphabet Inc Class C,Communication Services,Interactive Media & Services,"Mountain View, California",2006-04-03,Interactive Media & Services,"Arts, entertainment, and recreation"
25,MO,Altria Group Inc,Consumer Staples,Tobacco,"Richmond, Virginia",,,
26,AMZN,Amazon.com Inc.,Consumer Discretionary,Internet & Direct Marketing Retail,"Seattle, Washington",2005-11-18,Internet & Direct Marketing Retail,Retail trade
27,AMCR,Amcor plc,Materials,Paper Packaging,"Warmley, Bristol, United Kingdom",2019-06-07,Paper Packaging,"Forestry, fishing, and related activities"
28,AEE,Ameren Corp,Utilities,Multi-Utilities,"St. Louis, Missouri",1991-09-19,Multi-Utilities,Utilities
29,AAL,American Airlines Group,Industrials,Airlines,"Fort Worth, Texas",2015-03-23,Airlines,Transportation and warehousing
30,AEP,American Electric Power,Utilities,Electric Utilities,"Columbus, Ohio",,Electric Utilities,Utilities
31,AXP,American Express Co,Financials,Consumer Finance,"New York, New York",1976-06-30,Consumer Finance,Finance and insurance
32,AIG,American International Group,Financials,Property & Casualty Insurance,"New York, New York",1980-03-31,Property & Casualty Insurance,Finance and insurance
33,AMT,American Tower Corp.,Real Estate,Specialized REITs,"Boston, Massachusetts",2007-11-19,Specialized REITs,Real estate and rental and leasing
34,AWK,American Water Works Company Inc,Utilities,Water Utilities,"Camden, New Jersey",2016-03-04,,
35,AMP,Ameriprise Financial,Financials,Asset Management & Custody Banks,"Minneapolis, Minnesota",2005-10-03,Asset Management & Custody Banks,Finance and insurance
36,ABC,AmerisourceBergen Corp,Health Care,Health Care Distributors,"Chesterbrook, Pennsylvania",2001-08-30,Health Care Distributors,Health care and social assistance
37,AME,AMETEK Inc.,Industrials,Electrical Components & Equipment,"Berwyn, Pennsylvania",2013-09-23,Electrical Components & Equipment,Manufacturing
38,AMGN,Amgen Inc.,Health Care,Biotechnology,"Thousand Oaks, California",1992-01-02,,
39,APH,Amphenol Corp,Information Technology,Electronic Components,"Wallingford, Connecticut",2008-09-30,Electronic Components,Manufacturing
40,ADI,"Analog Devices, Inc.",Information Technology,Semiconductors,"Norwood, Massachusetts",1999-10-12,Semiconductors,Information
41,ANSS,ANSYS,Information Technology,Application Software,"Canonsburg, Pennsylvania",2017-06-19,Application Software,Information
42,ANTM,Anthem,Health Care,Managed Health Care,"Indianapolis, Indiana",2002-07-25,Managed Health Care,Health care and social assistance
43,AON,Aon plc,Financials,Insurance Brokers,"London, United Kingdom",1996-04-23,Insurance Brokers,Finance and insurance
44,AOS,A.O. Smith Corp,Industrials,Building Products,"Milwaukee, Wisconsin",2017-07-26,Building Products,Construction
45,APA,Apache Corporation,Energy,Oil & Gas Exploration & Production,"Houston, Texas",1997-07-28,,
46,AIV,Apartment Investment & Management,Real Estate,Residential REITs,"Denver, Colorado",2003-03-14,Residential REITs,Real estate and rental and leasing
47,AAPL,Apple Inc.,Information Technology,"Technology Hardware, Storage & Peripherals","Cupertino, California",1982-11-30,,
48,AMAT,Applied Materials Inc.,Information Technology,Semiconductor Equipment,"Santa Clara, California",1995-03-16,Semiconductor Equipment,Manufacturing
49,APTV,Aptiv PLC,Consumer Discretionary,Auto Parts & Equipment,"Dublin, Ireland",2012-12-24,Auto Parts & Equipment,Manufacturing
50,APTV,Aptiv PLC,Consumer Discretionary,Auto Parts & Equipment,"Dublin, Ireland",2012-12-24,Auto Parts & Equipment,Manufacturing
51,ADM,Archer-Daniels-Midland Co,Consumer Staples,Agricultural Products,"Chicago, Illinois",1981-07-29,Agricultural Products,Retail trade
52,ANET,Arista Networks,Information Technology,Communications Equipment,"Santa Clara, California",2018-08-28,Communications Equipment,Manufacturing
53,AJG,Arthur J. Gallagher & Co.,Financials,Insurance Brokers,"Itasca, Illinois",2016-05-31,Insurance Brokers,Finance and insurance
54,AIZ,Assurant,Financials,Multi-line Insurance,"New York, New York",2007-04-10,Multi-line Insurance,Finance and insurance
55,T,AT&T Inc.,Communication Services,Integrated Telecommunication Services,"Dallas, Texas",,Integrated Telecommunication Services,Information
56,ATO,Atmos Energy,Utilities,Gas Utilities,"Dallas, Texas",2019-02-15,Gas Utilities,Utilities
57,ADSK,Autodesk Inc.,Information Technology,Application Software,"San Rafael, California",1989-12-01,Application Software,Information
58,ADP,Automatic Data Processing,Information Technology,Internet Services & Infrastructure,"Roseland, New Jersey",1981-03-31,Internet Services & Infrastructure,Utilities
59,AZO,AutoZone Inc,Consumer Discretionary,Specialty Stores,"Memphis, Tennessee",1997-01-02,Specialty Stores,Retail trade
60,AVB,"AvalonBay Communities, Inc.",Real Estate,Residential REITs,"Arlington, Virginia[3]",2007-01-10,Residential REITs,Real estate and rental and leasing
61,AVY,Avery Dennison Corp,Materials,Paper Packaging,"Glendale, California",1987-12-31,Paper Packaging,"Forestry, fishing, and related activities"
62,BKR,Baker Hughes Co,Energy,Oil & Gas Equipment & Services,"Houston, Texas",2017-07-07,Oil & Gas Equipment & Services,"Mining, quarrying, and oil and gas extraction"
63,BLL,Ball Corp,Materials,Metal & Glass Containers,"Broomfield, Colorado",1984-10-31,Metal & Glass Containers,Wholesale trade
64,BAC,Bank of America Corp,Financials,Diversified Banks,"Charlotte, North Carolina",1976-06-30,Diversified Banks,Finance and insurance
65,BK,The Bank of New York Mellon Corp.,Financials,Asset Management & Custody Banks,"New York, New York",1995-03-31,Asset Management & Custody Banks,Finance and insurance
66,BAX,Baxter International Inc.,Health Care,Health Care Equipment,"Deerfield, Illinois",1972-09-30,Health Care Equipment,Health care and social assistance
67,BDX,Becton Dickinson,Health Care,Health Care Equipment,"Franklin Lakes, New Jersey",1972-09-30,Health Care Equipment,Health care and social assistance
68,BRK.B,Berkshire Hathaway,Financials,Multi-Sector Holdings,"Omaha, Nebraska",2010-02-16,Multi-Sector Holdings,Finance and insurance
69,BBY,Best Buy Co. Inc.,Consumer Discretionary,Computer & Electronics Retail,"Richfield, Minnesota",1999-06-29,Computer & Electronics Retail,Retail trade
70,BIIB,Biogen Inc.,Health Care,Biotechnology,"Cambridge, Massachusetts",2003-11-13,,
71,BLK,BlackRock,Financials,Asset Management & Custody Banks,"New York, New York",2011-04-04,Asset Management & Custody Banks,Finance and insurance
72,BA,Boeing Company,Industrials,Aerospace & Defense,"Chicago, Illinois",,Aerospace & Defense,Transportation and warehousing
73,BKNG,Booking Holdings Inc,Consumer Discretionary,Internet & Direct Marketing Retail,"Norwalk, Connecticut",2009-11-06,Internet & Direct Marketing Retail,Retail trade
74,BWA,BorgWarner,Consumer Discretionary,Auto Parts & Equipment,"Auburn Hills, Michigan",2011-12-19,Auto Parts & Equipment,Manufacturing
75,BWA,BorgWarner,Consumer Discretionary,Auto Parts & Equipment,"Auburn Hills, Michigan",2011-12-19,Auto Parts & Equipment,Manufacturing
76,BXP,Boston Properties,Real Estate,Office REITs,"Boston, Massachusetts",2006-04-03,Office REITs,Real estate and rental and leasing
77,BSX,Boston Scientific,Health Care,Health Care Equipment,"Marlborough, Massachusetts[4]",1995-02-24,Health Care Equipment,Health care and social assistance
78,BMY,Bristol-Myers Squibb,Health Care,Health Care Distributors,"New York, New York",,Health Care Distributors,Health care and social assistance
79,AVGO,Broadcom Inc.,Information Technology,Semiconductors,"San Jose, California",2014-05-08,Semiconductors,Information
80,BR,Broadridge Financial Solutions,Information Technology,Data Processing & Outsourced Services,"Lake Success, New York",2018-06-18,Data Processing & Outsourced Services,"Professional, scientific, and technical services"
81,BF.B,Brown-Forman Corp.,Consumer Staples,Distillers & Vintners,"Louisville, Kentucky",1982-10-31,Distillers & Vintners,Wholesale trade
82,CHRW,C. H. Robinson Worldwide,Industrials,Air Freight & Logistics,"Eden Prairie, Minnesota",2007-03-02,Air Freight & Logistics,Transportation and warehousing
83,COG,Cabot Oil & Gas,Energy,Oil & Gas Exploration & Production,"Houston, Texas",2008-06-23,,
84,CDNS,Cadence Design Systems,Information Technology,Application Software,"San Jose, California",2017-09-18,Application Software,Information
85,CPB,Campbell Soup,Consumer Staples,Packaged Foods & Meats,"Camden, New Jersey",,Packaged Foods & Meats,Wholesale trade
86,COF,Capital One Financial,Financials,Consumer Finance,"Tysons Corner, Virginia",1998-07-01,Consumer Finance,Finance and insurance
87,CAH,Cardinal Health Inc.,Health Care,Health Care Distributors,"Dublin, Ohio",1997-05-27,Health Care Distributors,Health care and social assistance
88,KMX,Carmax Inc,Consumer Discretionary,Specialty Stores,"Richmond, Virginia",2010-06-28,Specialty Stores,Retail trade
89,CCL,Carnival Corp.,Consumer Discretionary,"Hotels, Resorts & Cruise Lines","Miami, Florida",1998-12-22,"Hotels, Resorts & Cruise Lines",Accommodation and food services
90,CARR,Carrier Global,Industrials,Building Products,"Palm Beach Gardens, Florida",2020-04-03,Building Products,Construction
91,CAT,Caterpillar Inc.,Industrials,Construction Machinery & Heavy Trucks,"Deerfield, Illinois",,Construction Machinery & Heavy Trucks,Manufacturing
92,CBOE,Cboe Global Markets,Financials,Financial Exchanges & Data,"Chicago, Illinois",2017-03-01,Financial Exchanges & Data,Finance and insurance
93,CBRE,CBRE Group,Real Estate,Real Estate Services,"Los Angeles, California",2006-11-10,Real Estate Services,Real estate and rental and leasing
94,CDW,CDW,Information Technology,Technology Distributors,"Lincolnshire, Illinois",2019-09-23,Technology Distributors,Information
95,CE,Celanese,Materials,Specialty Chemicals,"Irving, Texas",2018-12-24,Specialty Chemicals,Other services (except government and government enterprises)
96,CNC,Centene Corporation,Health Care,Managed Health Care,"St Louis, Missouri",2016-03-30,Managed Health Care,Health care and social assistance
97,CNP,CenterPoint Energy,Utilities,Multi-Utilities,"Houston, Texas",1985-07-31,Multi-Utilities,Utilities
98,CTL,CenturyLink Inc,Communication Services,Alternative Carriers,"Monroe, Louisiana",1999-03-25,Alternative Carriers,Information
99,CERN,Cerner,Health Care,Health Care Technology,"North Kansas City, Missouri",2010-04-30,Health Care Technology,Health care and social assistance
100,CF,CF Industries Holdings Inc,Materials,Fertilizers & Agricultural Chemicals,"Deerfield, Illinois",2008-08-27,Fertilizers & Agricultural Chemicals,Other services (except government and government enterprises)
101,SCHW,Charles Schwab Corporation,Financials,Investment Banking & Brokerage,"San Francisco, California",1997-06-02,Investment Banking & Brokerage,Finance and insurance
102,CHTR,Charter Communications,Communication Services,Cable & Satellite,"Stamford, Connecticut",2016-09-08,Cable & Satellite,Information
103,CVX,Chevron Corp.,Energy,Integrated Oil & Gas,"San Ramon, California",,Integrated Oil & Gas,"Mining, quarrying, and oil and gas extraction"
104,CMG,Chipotle Mexican Grill,Consumer Discretionary,Restaurants,"Newport Beach, California",2011-04-28,Restaurants,Accommodation and food services
105,CB,Chubb Limited,Financials,Property & Casualty Insurance,"Zurich, Switzerland",2010-07-15,Property & Casualty Insurance,Finance and insurance
106,CHD,Church & Dwight,Consumer Staples,Household Products,"Ewing, New Jersey",2015-12-29,Household Products,Retail trade
107,CI,CIGNA Corp.,Health Care,Managed Health Care,"Bloomfield, Connecticut",1976-06-30,Managed Health Care,Health care and social assistance
108,CINF,Cincinnati Financial,Financials,Property & Casualty Insurance,"Fairfield, Ohio",1997-12-18,Property & Casualty Insurance,Finance and insurance
109,CTAS,Cintas Corporation,Industrials,Diversified Support Services,"Mason, Ohio",2001-03-01,Diversified Support Services,Administrative and support and waste management and remediation services
110,CSCO,Cisco Systems,Information Technology,Communications Equipment,"San Jose, California",1993-12-01,Communications Equipment,Manufacturing
111,C,Citigroup Inc.,Financials,Diversified Banks,"New York, New York",1988-05-31,Diversified Banks,Finance and insurance
112,CFG,Citizens Financial Group,Financials,Regional Banks,"Providence, Rhode Island",2016-01-29,Regional Banks,Finance and insurance
113,CTXS,Citrix Systems,Information Technology,Application Software,"Fort Lauderdale, Florida",1999-12-01,Application Software,Information
114,CLX,The Clorox Company,Consumer Staples,Household Products,"Oakland, California",1969-03-31,Household Products,Retail trade
115,CME,CME Group Inc.,Financials,Financial Exchanges & Data,"Chicago, Illinois",2006-08-11,Financial Exchanges & Data,Finance and insurance
116,CMS,CMS Energy,Utilities,Multi-Utilities,"Jackson, Michigan",1999-05-03,Multi-Utilities,Utilities
117,KO,Coca-Cola Company,Consumer Staples,Soft Drinks,"Atlanta, Georgia",,Soft Drinks,Wholesale trade
118,CTSH,Cognizant Technology Solutions,Information Technology,IT Consulting & Other Services,"Teaneck, New Jersey",2006-11-17,IT Consulting & Other Services,"Professional, scientific, and technical services"
119,CL,Colgate-Palmolive,Consumer Staples,Household Products,"New York, New York",,Household Products,Retail trade
120,CMCSA,Comcast Corp.,Communication Services,Cable & Satellite,"Philadelphia, Pennsylvania",2015-09-18,Cable & Satellite,Information
121,CMA,Comerica Inc.,Financials,Diversified Banks,"Dallas, Texas",1995-12-01,Diversified Banks,Finance and insurance
122,CAG,Conagra Brands,Consumer Staples,Packaged Foods & Meats,"Chicago, Illinois",1983-08-31,Packaged Foods & Meats,Wholesale trade
123,CXO,Concho Resources,Energy,Oil & Gas Exploration & Production,"Midland, Texas",2016-02-22,,
124,COP,ConocoPhillips,Energy,Oil & Gas Exploration & Production,"Houston, Texas",,,
125,ED,Consolidated Edison,Utilities,Electric Utilities,"New York, New York",,Electric Utilities,Utilities
126,STZ,Constellation Brands,Consumer Staples,Distillers & Vintners,"Victor, New York",2005-07-01,Distillers & Vintners,Wholesale trade
127,COO,The Cooper Companies,Health Care,Health Care Supplies,"San Ramon, California",2016-09-23,,
128,CPRT,Copart Inc,Industrials,Diversified Support Services,"Dallas, Texas",2018-07-02,Diversified Support Services,Administrative and support and waste management and remediation services
129,GLW,Corning Inc.,Information Technology,Electronic Components,"Corning, New York",,Electronic Components,Manufacturing
130,CTVA,Corteva,Materials,Fertilizers & Agricultural Chemicals,"Wilmington, Delaware",2019-06-03,Fertilizers & Agricultural Chemicals,Other services (except government and government enterprises)
131,COST,Costco Wholesale Corp.,Consumer Staples,Hypermarkets & Super Centers,"Issaquah, Washington",1993-10-01,Hypermarkets & Super Centers,Retail trade
132,COTY,"Coty, Inc",Consumer Staples,Personal Products,"New York, New York",2016-10-03,Personal Products,Wholesale trade
133,CCI,Crown Castle International Corp.,Real Estate,Specialized REITs,"Houston, Texas",2012-03-14,Specialized REITs,Real estate and rental and leasing
134,CSX,CSX Corp.,Industrials,Railroads,"Jacksonville, Florida",1967-09-30,Railroads,Transportation and warehousing
135,CMI,Cummins Inc.,Industrials,Industrial Machinery,"Columbus, Indiana",1965-03-31,Industrial Machinery,Manufacturing
136,CVS,CVS Health,Health Care,Health Care Services,"Woonsocket, Rhode Island",,,
137,DHI,D. R. Horton,Consumer Discretionary,Homebuilding,"Fort Worth, Texas",,Homebuilding,Construction
138,DHR,Danaher Corp.,Health Care,Health Care Equipment,"Washington, D.C.",,Health Care Equipment,Health care and social assistance
139,DRI,Darden Restaurants,Consumer Discretionary,Restaurants,"Orlando, Florida",,Restaurants,Accommodation and food services
140,DVA,DaVita Inc.,Health Care,Health Care Facilities,"Denver, Colorado",2008-07-31,Health Care Facilities,Health care and social assistance
141,DE,Deere & Co.,Industrials,Agricultural & Farm Machinery,"Moline, Illinois",,Agricultural & Farm Machinery,Manufacturing
142,DAL,Delta Air Lines Inc.,Industrials,Airlines,"Atlanta, Georgia",2013-09-11,Airlines,Transportation and warehousing
143,XRAY,Dentsply Sirona,Health Care,Health Care Supplies,"Charlotte, North Carolina",2008-11-14,,
144,DVN,Devon Energy,Energy,Oil & Gas Exploration & Production,"Oklahoma City, Oklahoma",2000-08-30,,
145,DXCM,DexCom,Health Care,Health Care Equipment,"San Diego, California",2020-05-12,Health Care Equipment,Health care and social assistance
146,FANG,Diamondback Energy,Energy,Oil & Gas Exploration & Production,"Midland, Texas",2018-12-03,,
147,DLR,Digital Realty Trust Inc,Real Estate,Specialized REITs,"San Francisco, California",2016-05-18,Specialized REITs,Real estate and rental and leasing
148,DFS,Discover Financial Services,Financials,Consumer Finance,"Riverwoods, Illinois",2007-07-02,Consumer Finance,Finance and insurance
149,DISCA,Discovery Inc. Class A,Communication Services,Broadcasting,"Silver Spring, Maryland",2010-03-01,Broadcasting,Information
150,DISCK,Discovery Inc. Class C,Communication Services,Broadcasting,"Silver Spring, Maryland",2014-08-07,Broadcasting,Information
151,DISH,Dish Network,Communication Services,Cable & Satellite,"Meridian, Colorado",2017-03-13,Cable & Satellite,Information
152,DG,Dollar General,Consumer Discretionary,General Merchandise Stores,"Goodlettsville, Tennessee",2012-12-03,General Merchandise Stores,Retail trade
153,DLTR,Dollar Tree,Consumer Discretionary,General Merchandise Stores,"Chesapeake, Virginia",2011-12-19,General Merchandise Stores,Retail trade
154,D,Dominion Energy,Utilities,Electric Utilities,"Richmond, Virginia",,Electric Utilities,Utilities
155,DPZ,Domino's Pizza,Consumer Discretionary,Restaurants,"Ann Arbor, Michigan",2020-05-12,Restaurants,Accommodation and food services
156,DOV,Dover Corporation,Industrials,Industrial Machinery,"Downers Grove, Illinois",1985-10-31,Industrial Machinery,Manufacturing
157,DOW,Dow Inc.,Materials,Commodity Chemicals,"Midland, Michigan",2019-04-01,Commodity Chemicals,Other services (except government and government enterprises)
158,DTE,DTE Energy Co.,Utilities,Multi-Utilities,"Detroit, Michigan",,Multi-Utilities,Utilities
159,DUK,Duke Energy,Utilities,Electric Utilities,"Charlotte, North Carolina",1976-06-30,Electric Utilities,Utilities
160,DRE,Duke Realty Corp,Real Estate,Industrial REITs,"Indianapolis, Indiana",2017-07-26,Industrial REITs,Real estate and rental and leasing
161,DD,DuPont de Nemours Inc,Materials,Specialty Chemicals,"Midland, Michigan",2019-04-02,Specialty Chemicals,Other services (except government and government enterprises)
162,DXC,DXC Technology,Information Technology,IT Consulting & Other Services,"Tysons Corner, Virginia",2017-04-04,IT Consulting & Other Services,"Professional, scientific, and technical services"
163,ETFC,E*Trade,Financials,Investment Banking & Brokerage,"New York, New York",2004-03-31,Investment Banking & Brokerage,Finance and insurance
164,EMN,Eastman Chemical,Materials,Diversified Chemicals,"Kingsport, Tennessee",1994-01-01,Diversified Chemicals,Other services (except government and government enterprises)
165,ETN,Eaton Corporation,Industrials,Electrical Components & Equipment,"Dublin, Ireland",,Electrical Components & Equipment,Manufacturing
166,EBAY,eBay Inc.,Consumer Discretionary,Internet & Direct Marketing Retail,"San Jose, California",,Internet & Direct Marketing Retail,Retail trade
167,ECL,Ecolab Inc.,Materials,Specialty Chemicals,"St. Paul, Minnesota",1989-01-31,Specialty Chemicals,Other services (except government and government enterprises)
168,EIX,Edison Int'l,Utilities,Electric Utilities,"Rosemead, California",,Electric Utilities,Utilities
169,EW,Edwards Lifesciences,Health Care,Health Care Equipment,"Irvine, California",2011-04-01,Health Care Equipment,Health care and social assistance
170,EA,Electronic Arts,Communication Services,Interactive Home Entertainment,"Redwood City, California",2002-07-22,Interactive Home Entertainment,"Arts, entertainment, and recreation"
171,EMR,Emerson Electric Company,Industrials,Electrical Components & Equipment,"Ferguson, Missouri",1965-03-31,Electrical Components & Equipment,Manufacturing
172,ETR,Entergy Corp.,Utilities,Electric Utilities,"New Orleans, Louisiana",,Electric Utilities,Utilities
173,EOG,EOG Resources,Energy,Oil & Gas Exploration & Production,"Houston, Texas",2000-11-02,,
174,EFX,Equifax Inc.,Industrials,Research & Consulting Services,"Atlanta, Georgia",1997-06-19,Research & Consulting Services,"Professional, scientific, and technical services"
175,EQIX,Equinix,Real Estate,Specialized REITs,"Redwood City, California",2015-03-20,Specialized REITs,Real estate and rental and leasing
176,EQR,Equity Residential,Real Estate,Residential REITs,"Chicago, Illinois",2001-12-03,Residential REITs,Real estate and rental and leasing
177,ESS,"Essex Property Trust, Inc.",Real Estate,Residential REITs,"Palo Alto, California",2014-04-02,Residential REITs,Real estate and rental and leasing
178,EL,Estée Lauder Companies,Consumer Staples,Personal Products,"New York, New York",2006-01-05,Personal Products,Wholesale trade
179,EVRG,Evergy,Utilities,Electric Utilities,"Kansas City, Missouri",2018-06-05,Electric Utilities,Utilities
180,ES,Eversource Energy,Utilities,Multi-Utilities,"Springfield, Massachusetts",,Multi-Utilities,Utilities
181,RE,Everest Re Group Ltd.,Financials,Reinsurance,"Hamilton, Bermuda",2017-06-19,Reinsurance,Finance and insurance
182,EXC,Exelon Corp.,Utilities,Multi-Utilities,"Chicago, Illinois",,Multi-Utilities,Utilities
183,EXPE,Expedia Group,Consumer Discretionary,Internet & Direct Marketing Retail,"Seattle, Washington",2007-10-02,Internet & Direct Marketing Retail,Retail trade
184,EXPD,Expeditors,Industrials,Air Freight & Logistics,"Seattle, Washington",2007-10-10,Air Freight & Logistics,Transportation and warehousing
185,EXR,Extra Space Storage,Real Estate,Specialized REITs,"Salt Lake City, Utah",2016-01-19,Specialized REITs,Real estate and rental and leasing
186,XOM,Exxon Mobil Corp.,Energy,Integrated Oil & Gas,"Irving, Texas",,Integrated Oil & Gas,"Mining, quarrying, and oil and gas extraction"
187,FFIV,F5 Networks,Information Technology,Communications Equipment,"Seattle, Washington",2010-12-20,Communications Equipment,Manufacturing
188,FB,"Facebook, Inc.",Communication Services,Interactive Media & Services,"Menlo Park, California",2013-12-23,Interactive Media & Services,"Arts, entertainment, and recreation"
189,FAST,Fastenal Co,Industrials,Building Products,"Winona, Minnesota",2008-09-15,Building Products,Construction
190,FRT,Federal Realty Investment Trust,Real Estate,Retail REITs,"Rockville, Maryland",2016-02-01,Retail REITs,Real estate and rental and leasing
191,FDX,FedEx Corporation,Industrials,Air Freight & Logistics,"Memphis, Tennessee",1980-12-31,Air Freight & Logistics,Transportation and warehousing
192,FIS,Fidelity National Information Services,Information Technology,Data Processing & Outsourced Services,"Jacksonville, Florida",2006-11-10,Data Processing & Outsourced Services,"Professional, scientific, and technical services"
193,FITB,Fifth Third Bancorp,Financials,Regional Banks,"Cincinnati, Ohio",,Regional Banks,Finance and insurance
194,FE,FirstEnergy Corp,Utilities,Electric Utilities,"Akron, Ohio",,Electric Utilities,Utilities
195,FRC,First Republic Bank,Financials,Regional Banks,"San Francisco, California",2019-01-02,Regional Banks,Finance and insurance
196,FISV,Fiserv Inc,Information Technology,Data Processing & Outsourced Services,"Brookfield, Wisconsin",2001-04-02,Data Processing & Outsourced Services,"Professional, scientific, and technical services"
197,FLT,FleetCor Technologies Inc,Information Technology,Data Processing & Outsourced Services,"Norcross, Georgia",2018-06-20,Data Processing & Outsourced Services,"Professional, scientific, and technical services"
198,FLIR,FLIR Systems,Information Technology,Electronic Equipment & Instruments,"Wilsonville, Oregon",2009-01-02,Electronic Equipment & Instruments,Manufacturing
199,FLS,Flowserve Corporation,Industrials,Industrial Machinery,"Irving, Texas",2008-10-02,Industrial Machinery,Manufacturing
200,FMC,FMC Corporation,Materials,Fertilizers & Agricultural Chemicals,"Philadelphia, Pennsylvania",2009-08-19,Fertilizers & Agricultural Chemicals,Other services (except government and government enterprises)
201,F,Ford Motor Company,Consumer Discretionary,Automobile Manufacturers,"Dearborn, Michigan",,Automobile Manufacturers,Manufacturing
202,FTNT,Fortinet,Information Technology,Systems Software,"Sunnyvale, California",2018-10-11,Systems Software,Information
203,FTV,Fortive Corp,Industrials,Industrial Machinery,"Everett, Washington",2016-07-01,Industrial Machinery,Manufacturing
204,FBHS,Fortune Brands Home & Security,Industrials,Building Products,"Deerfield, Illinois",2016-06-22,Building Products,Construction
205,FOXA,Fox Corporation Class A,Communication Services,Movies & Entertainment,"New York, New York",2013-07-01,Movies & Entertainment,"Arts, entertainment, and recreation"
206,FOX,Fox Corporation Class B,Communication Services,Movies & Entertainment,"New York, New York",2015-09-18,Movies & Entertainment,"Arts, entertainment, and recreation"
207,BEN,Franklin Resources,Financials,Asset Management & Custody Banks,"San Mateo, California",,Asset Management & Custody Banks,Finance and insurance
208,FCX,Freeport-McMoRan Inc.,Materials,Copper,"Phoenix, Arizona",,Copper,"Mining, quarrying, and oil and gas extraction"
209,GPS,Gap Inc.,Consumer Discretionary,Apparel Retail,"San Francisco, California",1986-08-31,Apparel Retail,Retail trade
210,GRMN,Garmin Ltd.,Consumer Discretionary,Consumer Electronics,"Schaffhausen, Switzerland",2012-12-12,Consumer Electronics,Retail trade
211,IT,Gartner Inc,Information Technology,IT Consulting & Other Services,"Stamford, Connecticut",2017-04-05,IT Consulting & Other Services,"Professional, scientific, and technical services"
212,GD,General Dynamics,Industrials,Aerospace & Defense,"Falls Church, Virginia",,Aerospace & Defense,Transportation and warehousing
213,GE,General Electric,Industrials,Industrial Conglomerates,"Boston, Massachusetts",,Industrial Conglomerates,Manufacturing
214,GIS,General Mills,Consumer Staples,Packaged Foods & Meats,"Golden Valley, Minnesota",1969-03-31,Packaged Foods & Meats,Wholesale trade
215,GM,General Motors,Consumer Discretionary,Automobile Manufacturers,"Detroit, Michigan",2013-06-06,Automobile Manufacturers,Manufacturing
216,GPC,Genuine Parts,Consumer Discretionary,Specialty Stores,"Atlanta, Georgia",1973-12-31,Specialty Stores,Retail trade
217,GILD,Gilead Sciences,Health Care,Biotechnology,"Foster City, California",2004-07-01,,
218,GL,Globe Life Inc.,Financials,Life & Health Insurance,"McKinney, Texas",1989-04-30,Life & Health Insurance,Finance and insurance
219,GPN,Global Payments Inc.,Information Technology,Data Processing & Outsourced Services,"Atlanta, Georgia",2016-04-25,Data Processing & Outsourced Services,"Professional, scientific, and technical services"
220,GS,Goldman Sachs Group,Financials,Investment Banking & Brokerage,"New York, New York",2002-07-22,Investment Banking & Brokerage,Finance and insurance
221,GWW,Grainger (W.W.) Inc.,Industrials,Industrial Machinery,"Lake Forest, Illinois",1981-06-30,Industrial Machinery,Manufacturing
222,HRB,H&R Block,Consumer Discretionary,Specialized Consumer Services,"Kansas City, Missouri",1986-11-30,Specialized Consumer Services,Retail trade
223,HAL,Halliburton Co.,Energy,Oil & Gas Equipment & Services,"Houston, Texas",,Oil & Gas Equipment & Services,"Mining, quarrying, and oil and gas extraction"
224,HBI,Hanesbrands Inc,Consumer Discretionary,"Apparel, Accessories & Luxury Goods","Winston-Salem, North Carolina",2015-03-20,"Apparel, Accessories & Luxury Goods",Retail trade
225,HOG,Harley-Davidson,Consumer Discretionary,Motorcycle Manufacturers,"Milwaukee, Wisconsin",,Motorcycle Manufacturers,Manufacturing
226,HIG,Hartford Financial Svc.Gp.,Financials,Property & Casualty Insurance,"Hartford, Connecticut",,Property & Casualty Insurance,Finance and insurance
227,HAS,Hasbro Inc.,Consumer Discretionary,Leisure Products,"Pawtucket, Rhode Island",1984-09-30,Leisure Products,Retail trade
228,HCA,HCA Healthcare,Health Care,Health Care Facilities,"Nashville, Tennessee",2015-01-27,Health Care Facilities,Health care and social assistance
229,PEAK,Healthpeak Properties,Real Estate,Health Care REITs,"Long Beach, California",2008-03-31,Health Care REITs,Real estate and rental and leasing
230,HP,Helmerich & Payne,Energy,Oil & Gas Drilling,"Tulsa, Oklahoma[5]",2010-03-01,Oil & Gas Drilling,"Mining, quarrying, and oil and gas extraction"
231,HSIC,Henry Schein,Health Care,Health Care Distributors,"Melville, New York",2015-03-17,Health Care Distributors,Health care and social assistance
232,HSY,The Hershey Company,Consumer Staples,Packaged Foods & Meats,"Hershey, Pennsylvania",,Packaged Foods & Meats,Wholesale trade
233,HES,Hess Corporation,Energy,Integrated Oil & Gas,"New York, New York",1984-05-31,Integrated Oil & Gas,"Mining, quarrying, and oil and gas extraction"
234,HPE,Hewlett Packard Enterprise,Information Technology,"Technology Hardware, Storage & Peripherals","Palo Alto, California",2015-11-02,,
235,HLT,Hilton Worldwide Holdings Inc,Consumer Discretionary,"Hotels, Resorts & Cruise Lines","Tysons Corner, Virginia",2017-06-19,"Hotels, Resorts & Cruise Lines",Accommodation and food services
236,HFC,HollyFrontier Corp,Energy,Oil & Gas Refining & Marketing,"Dallas, Texas",2018-06-18,Oil & Gas Refining & Marketing,"Mining, quarrying, and oil and gas extraction"
237,HOLX,Hologic,Health Care,Health Care Equipment,"Marlborough, Massachusetts",2016-03-30,Health Care Equipment,Health care and social assistance
238,HD,Home Depot,Consumer Discretionary,Home Improvement Retail,"Atlanta, Georgia",1988-03-31,Home Improvement Retail,Retail trade
239,HON,Honeywell Int'l Inc.,Industrials,Industrial Conglomerates,"Morristown, New Jersey",1964-03-31,Industrial Conglomerates,Manufacturing
240,HRL,Hormel Foods Corp.,Consumer Staples,Packaged Foods & Meats,"Austin, Minnesota",2009-03-04,Packaged Foods & Meats,Wholesale trade
241,HST,Host Hotels & Resorts,Real Estate,Hotel & Resort REITs,"Bethesda, Maryland",2007-03-20,Hotel & Resort REITs,Real estate and rental and leasing
242,HWM,Howmet Aerospace,Industrials,Aerospace & Defense,"New York, New York",1964-03-31,Aerospace & Defense,Transportation and warehousing
243,HPQ,HP Inc.,Information Technology,"Technology Hardware, Storage & Peripherals","Palo Alto, California",1974-12-31,,
244,HUM,Humana Inc.,Health Care,Managed Health Care,"Louisville, Kentucky",,Managed Health Care,Health care and social assistance
245,HBAN,Huntington Bancshares,Financials,Regional Banks,"Columbus, Ohio",,Regional Banks,Finance and insurance
246,HII,Huntington Ingalls Industries,Industrials,Aerospace & Defense,"Newport News, Virginia",2018-01-03,Aerospace & Defense,Transportation and warehousing
247,IEX,IDEX Corporation,Industrials,Industrial Machinery,"Lake Forest, Illinois",2019-08-09,Industrial Machinery,Manufacturing
248,IDXX,IDEXX Laboratories,Health Care,Health Care Equipment,"Westbrook, Maine",2017-01-05,Health Care Equipment,Health care and social assistance
249,INFO,IHS Markit Ltd.,Industrials,Research & Consulting Services,"London, United Kingdom",2017-06-02,Research & Consulting Services,"Professional, scientific, and technical services"
250,ITW,Illinois Tool Works,Industrials,Industrial Machinery,"Glenview, Illinois",1986-02-28,Industrial Machinery,Manufacturing
251,ILMN,Illumina Inc,Health Care,Life Sciences Tools & Services,"San Diego, California",2015-11-19,Life Sciences Tools & Services,Health care and social assistance
252,INCY,Incyte,Health Care,Biotechnology,"Wilmington, Delaware",2017-02-28,,
253,IR,Ingersoll Rand,Industrials,Industrial Machinery,"Milwaukee, Wisconsin",2020-03-03,Industrial Machinery,Manufacturing
254,INTC,Intel Corp.,Information Technology,Semiconductors,"Santa Clara, California",1976-12-31,Semiconductors,Information
255,ICE,Intercontinental Exchange,Financials,Financial Exchanges & Data,"Atlanta, Georgia",2007-09-26,Financial Exchanges & Data,Finance and insurance
256,IBM,International Business Machines,Information Technology,IT Consulting & Other Services,"Armonk, New York",,IT Consulting & Other Services,"Professional, scientific, and technical services"
257,IP,International Paper,Materials,Paper Packaging,"Memphis, Tennessee",,Paper Packaging,"Forestry, fishing, and related activities"
258,IPG,Interpublic Group,Communication Services,Advertising,"New York, New York",1992-10-01,Advertising,Information
259,IFF,Intl Flavors & Fragrances,Materials,Specialty Chemicals,"New York, New York",1976-03-31,Specialty Chemicals,Other services (except government and government enterprises)
260,INTU,Intuit Inc.,Information Technology,Application Software,"Mountain View, California",2000-12-05,Application Software,Information
261,ISRG,Intuitive Surgical Inc.,Health Care,Health Care Equipment,"Sunnyvale, California",2008-06-02,Health Care Equipment,Health care and social assistance
262,IVZ,Invesco Ltd.,Financials,Asset Management & Custody Banks,"Atlanta, Georgia",2008-08-21,Asset Management & Custody Banks,Finance and insurance
263,IPGP,IPG Photonics Corp.,Information Technology,Electronic Manufacturing Services,"Oxford, Massachusetts",2018-03-07,Electronic Manufacturing Services,Manufacturing
264,IQV,IQVIA Holdings Inc.,Health Care,Life Sciences Tools & Services,"Durham, North Carolina",2017-08-29,Life Sciences Tools & Services,Health care and social assistance
265,IRM,Iron Mountain Incorporated,Real Estate,Specialized REITs,"Boston, Massachusetts",2009-01-06,Specialized REITs,Real estate and rental and leasing
266,JKHY,Jack Henry & Associates,Information Technology,Data Processing & Outsourced Services,"Monett, Missouri",2018-11-13,Data Processing & Outsourced Services,"Professional, scientific, and technical services"
267,J,Jacobs Engineering Group,Industrials,Construction & Engineering,"Dallas, Texas",2007-10-26,Construction & Engineering,Construction
268,JBHT,J. B. Hunt Transport Services,Industrials,Trucking,"Lowell, Arkansas",2015-07-01,Trucking,Transportation and warehousing
269,SJM,JM Smucker,Consumer Staples,Packaged Foods & Meats,"Orrville, Ohio",2008-11-06,Packaged Foods & Meats,Wholesale trade
270,JNJ,Johnson & Johnson,Health Care,Pharmaceuticals,"New Brunswick, New Jersey",1973-06-30,Pharmaceuticals,Health care and social assistance
271,JCI,Johnson Controls International,Industrials,Building Products,"Cork, Ireland",2010-08-27,Building Products,Construction
272,JPM,JPMorgan Chase & Co.,Financials,Diversified Banks,"New York, New York",1975-06-30,Diversified Banks,Finance and insurance
273,JNPR,Juniper Networks,Information Technology,Communications Equipment,"Sunnyvale, California",2006-06-02,Communications Equipment,Manufacturing
274,KSU,Kansas City Southern,Industrials,Railroads,"Kansas City, Missouri",2013-05-24,Railroads,Transportation and warehousing
275,K,Kellogg Co.,Consumer Staples,Packaged Foods & Meats,"Battle Creek, Michigan",,Packaged Foods & Meats,Wholesale trade
276,KEY,KeyCorp,Financials,Regional Banks,"Cleveland, Ohio",1994-03-01,Regional Banks,Finance and insurance
277,KEYS,Keysight Technologies,Information Technology,Electronic Equipment & Instruments,"Santa Rosa, California",2018-11-06,Electronic Equipment & Instruments,Manufacturing
278,KMB,Kimberly-Clark,Consumer Staples,Household Products,"Irving, Texas",,Household Products,Retail trade
279,KIM,Kimco Realty,Real Estate,Retail REITs,"New Hyde Park, New York",2006-04-04,Retail REITs,Real estate and rental and leasing
280,KMI,Kinder Morgan,Energy,Oil & Gas Storage & Transportation,"Houston, Texas",2012-05-25,,
281,KLAC,KLA Corporation,Information Technology,Semiconductor Equipment,"Milpitas, California",,Semiconductor Equipment,Manufacturing
282,KSS,Kohl's Corp.,Consumer Discretionary,General Merchandise Stores,"Menomonee Falls, Wisconsin",,General Merchandise Stores,Retail trade
283,KHC,Kraft Heinz Co,Consumer Staples,Packaged Foods & Meats,"Chicago, Illinois; Pittsburgh, Pennsylvania",2015-07-06,Packaged Foods & Meats,Wholesale trade
284,KR,Kroger Co.,Consumer Staples,Food Retail,"Cincinnati, Ohio",,,
285,LB,L Brands Inc.,Consumer Discretionary,Apparel Retail,"Columbus, Ohio",1983-09-30,Apparel Retail,Retail trade
286,LHX,L3Harris Technologies,Industrials,Aerospace & Defense,"Melbourne, Florida",,Aerospace & Defense,Transportation and warehousing
287,LH,Laboratory Corp. of America Holding,Health Care,Health Care Services,"Burlington, North Carolina",2004-11-01,,
288,LRCX,Lam Research,Information Technology,Semiconductor Equipment,"Fremont, California",2012-06-29,Semiconductor Equipment,Manufacturing
289,LW,Lamb Weston Holdings Inc,Consumer Staples,Packaged Foods & Meats,"Eagle, Idaho",2018-12-03,Packaged Foods & Meats,Wholesale trade
290,LVS,Las Vegas Sands,Consumer Discretionary,Casinos & Gaming,"Las Vegas, Nevada",2019-10-03,Casinos & Gaming,"Arts, entertainment, and recreation"
291,LEG,Leggett & Platt,Consumer Discretionary,Home Furnishings,"Carthage, Missouri",,Home Furnishings,Retail trade
292,LDOS,Leidos Holdings,Information Technology,IT Consulting & Other Services,"Reston, Virginia",2019-08-09,IT Consulting & Other Services,"Professional, scientific, and technical services"
293,LEN,Lennar Corp.,Consumer Discretionary,Homebuilding,"Miami, Florida",2005-10-04,Homebuilding,Construction
294,LLY,Lilly (Eli) & Co.,Health Care,Pharmaceuticals,"Indianapolis, Indiana",1970-12-31,Pharmaceuticals,Health care and social assistance
295,LNC,Lincoln National,Financials,Multi-line Insurance,"Radnor, Pennsylvania",1976-06-30,Multi-line Insurance,Finance and insurance
296,LIN,Linde plc,Materials,Industrial Gases,"Guildford, Surrey, United Kingdom",1992-07-01,Industrial Gases,"Mining, quarrying, and oil and gas extraction"
297,LYV,Live Nation Entertainment,Communication Services,Movies & Entertainment,"Beverly Hills, California",2019-12-23,Movies & Entertainment,"Arts, entertainment, and recreation"
298,LKQ,LKQ Corporation,Consumer Discretionary,Distributors,"Chicago, Illinois",2016-05-23,Distributors,Other services (except government and government enterprises)
299,LMT,Lockheed Martin Corp.,Industrials,Aerospace & Defense,"Bethesda, Maryland",1984-07-31,Aerospace & Defense,Transportation and warehousing
300,L,Loews Corp.,Financials,Multi-line Insurance,"New York, New York",,Multi-line Insurance,Finance and insurance
301,LOW,Lowe's Cos.,Consumer Discretionary,Home Improvement Retail,"Mooresville, North Carolina",1984-02-29,Home Improvement Retail,Retail trade
302,LYB,LyondellBasell,Materials,Specialty Chemicals,"Rotterdam, Netherlands",2012-09-05,Specialty Chemicals,Other services (except government and government enterprises)
303,MTB,M&T Bank Corp.,Financials,Regional Banks,"Buffalo, New York",,Regional Banks,Finance and insurance
304,MRO,Marathon Oil Corp.,Energy,Oil & Gas Exploration & Production,"Houston, Texas",1991-05-01,,
305,MPC,Marathon Petroleum,Energy,Oil & Gas Refining & Marketing,"Findlay, Ohio",2011-07-01,Oil & Gas Refining & Marketing,"Mining, quarrying, and oil and gas extraction"
306,MKTX,MarketAxess,Financials,Financial Exchanges & Data,"New York, New York",2019-07-01,Financial Exchanges & Data,Finance and insurance
307,MAR,Marriott Int'l.,Consumer Discretionary,"Hotels, Resorts & Cruise Lines","Bethesda, Maryland",,"Hotels, Resorts & Cruise Lines",Accommodation and food services
308,MMC,Marsh & McLennan,Financials,Insurance Brokers,"New York, New York",1987-08-31,Insurance Brokers,Finance and insurance
309,MLM,Martin Marietta Materials,Materials,Construction Materials,"Raleigh, North Carolina",2014-07-02,Construction Materials,Construction
310,MAS,Masco Corp.,Industrials,Building Products,"Livonia, Michigan",1981-06-30,Building Products,Construction
311,MA,Mastercard Inc.,Information Technology,Data Processing & Outsourced Services,"Harrison, New York",2008-07-18,Data Processing & Outsourced Services,"Professional, scientific, and technical services"
312,MKC,McCormick & Co.,Consumer Staples,Packaged Foods & Meats,"Hunt Valley, Maryland",,Packaged Foods & Meats,Wholesale trade
313,MXIM,Maxim Integrated Products Inc,Information Technology,Semiconductors,"San Jose, California",2018-12-03,Semiconductors,Information
314,MCD,McDonald's Corp.,Consumer Discretionary,Restaurants,"Chicago, Illinois",1970-06-30,Restaurants,Accommodation and food services
315,MCK,McKesson Corp.,Health Care,Health Care Distributors,"Irving, Texas",,Health Care Distributors,Health care and social assistance
316,MDT,Medtronic plc,Health Care,Health Care Equipment,"Dublin, Ireland",1986-10-31,Health Care Equipment,Health care and social assistance
317,MRK,Merck & Co.,Health Care,Pharmaceuticals,"Kenilworth, New Jersey",,Pharmaceuticals,Health care and social assistance
318,MET,MetLife Inc.,Financials,Life & Health Insurance,"New York, New York",,Life & Health Insurance,Finance and insurance
319,MTD,Mettler Toledo,Health Care,Life Sciences Tools & Services,"Columbus, Ohio",2016-09-06,Life Sciences Tools & Services,Health care and social assistance
320,MGM,MGM Resorts International,Consumer Discretionary,Casinos & Gaming,"Paradise, Nevada",2017-07-26,Casinos & Gaming,"Arts, entertainment, and recreation"
321,MCHP,Microchip Technology,Information Technology,Semiconductors,"Chandler, Arizona",2007-09-07,Semiconductors,Information
322,MU,Micron Technology,Information Technology,Semiconductors,"Boise, Idaho",1994-09-27,Semiconductors,Information
323,MSFT,Microsoft Corp.,Information Technology,Systems Software,"Redmond, Washington",1994-06-01,Systems Software,Information
324,MAA,Mid-America Apartments,Real Estate,Residential REITs,"Memphis, Tennessee",2016-12-02,Residential REITs,Real estate and rental and leasing
325,MHK,Mohawk Industries,Consumer Discretionary,Home Furnishings,"Calhoun, Georgia",2013-12-23,Home Furnishings,Retail trade
326,TAP,Molson Coors Brewing Company,Consumer Staples,Brewers,"Denver, Colorado",1976-06-30,Brewers,Wholesale trade
327,MDLZ,Mondelez International,Consumer Staples,Packaged Foods & Meats,"Deerfield, Illinois",2012-10-02,Packaged Foods & Meats,Wholesale trade
328,MNST,Monster Beverage,Consumer Staples,Soft Drinks,"Corona, California",2012-06-28,Soft Drinks,Wholesale trade
329,MCO,Moody's Corp,Financials,Financial Exchanges & Data,"New York, New York",,Financial Exchanges & Data,Finance and insurance
330,MS,Morgan Stanley,Financials,Investment Banking & Brokerage,"New York, New York",,Investment Banking & Brokerage,Finance and insurance
331,MOS,The Mosaic Company,Materials,Fertilizers & Agricultural Chemicals,"Tampa, Florida",2011-09-26,Fertilizers & Agricultural Chemicals,Other services (except government and government enterprises)
332,MSI,Motorola Solutions Inc.,Information Technology,Communications Equipment,"Chicago, Illinois",,Communications Equipment,Manufacturing
333,MSCI,MSCI Inc,Financials,Financial Exchanges & Data,"New York, New York",2018-04-04,Financial Exchanges & Data,Finance and insurance
334,MYL,Mylan N.V.,Health Care,Pharmaceuticals,"Amsterdam, Netherlands",2004-04-23,Pharmaceuticals,Health care and social assistance
335,NDAQ,"Nasdaq, Inc.",Financials,Financial Exchanges & Data,"New York, New York",2008-10-22,Financial Exchanges & Data,Finance and insurance
336,NOV,National Oilwell Varco Inc.,Energy,Oil & Gas Equipment & Services,"Houston, Texas",2005-03-14,Oil & Gas Equipment & Services,"Mining, quarrying, and oil and gas extraction"
337,NTAP,NetApp,Information Technology,"Technology Hardware, Storage & Peripherals","Sunnyvale, California",1999-06-25,,
338,NFLX,Netflix Inc.,Communication Services,Movies & Entertainment,"Los Gatos, California",2010-12-20,Movies & Entertainment,"Arts, entertainment, and recreation"
339,NWL,Newell Brands,Consumer Discretionary,Housewares & Specialties,"Atlanta, Georgia",1989-04-30,Housewares & Specialties,Retail trade
340,NEM,Newmont Corporation,Materials,Gold,"Denver, Colorado",1969-06-30,Gold,"Mining, quarrying, and oil and gas extraction"
341,NWSA,News Corp. Class A,Communication Services,Publishing,"New York, New York",2013-08-01,Publishing,"Arts, entertainment, and recreation"
342,NWS,News Corp. Class B,Communication Services,Publishing,"New York, New York",2015-09-18,Publishing,"Arts, entertainment, and recreation"
343,NEE,NextEra Energy,Utilities,Multi-Utilities,"Juno Beach, Florida",1976-06-30,Multi-Utilities,Utilities
344,NLSN,Nielsen Holdings,Industrials,Research & Consulting Services,"New York, New York",2013-07-09,Research & Consulting Services,"Professional, scientific, and technical services"
345,NKE,Nike,Consumer Discretionary,"Apparel, Accessories & Luxury Goods","Washington County, Oregon",1988-11-30,"Apparel, Accessories & Luxury Goods",Retail trade
346,NI,NiSource Inc.,Utilities,Multi-Utilities,"Merrillville, Indiana",,Multi-Utilities,Utilities
347,NBL,Noble Energy Inc,Energy,Oil & Gas Exploration & Production,"Houston, Texas",2007-10-08,,
348,JWN,Nordstrom,Consumer Discretionary,Department Stores,"Seattle, Washington",1986-08-31,Department Stores,Retail trade
349,NSC,Norfolk Southern Corp.,Industrials,Railroads,"Norfolk, Virginia",,Railroads,Transportation and warehousing
350,NTRS,Northern Trust Corp.,Financials,Asset Management & Custody Banks,"Chicago, Illinois",,Asset Management & Custody Banks,Finance and insurance
351,NOC,Northrop Grumman,Industrials,Aerospace & Defense,"West Falls Church, Virginia",1985-06-30,Aerospace & Defense,Transportation and warehousing
352,NLOK,NortonLifeLock,Information Technology,Application Software,"Tempe, Arizona",2003-03-25,Application Software,Information
353,NCLH,Norwegian Cruise Line Holdings,Consumer Discretionary,"Hotels, Resorts & Cruise Lines","Miami, Florida",2017-10-13,"Hotels, Resorts & Cruise Lines",Accommodation and food services
354,NRG,NRG Energy,Utilities,Independent Power Producers & Energy Traders,"Princeton, New Jersey",2010-01-29,Independent Power Producers & Energy Traders,Utilities
355,NUE,Nucor Corp.,Materials,Steel,"Charlotte, North Carolina",1985-04-30,Steel,"Mining, quarrying, and oil and gas extraction"
356,NVDA,Nvidia Corporation,Information Technology,Semiconductors,"Santa Clara, California",2001-11-30,Semiconductors,Information
357,NVR,NVR Inc,Consumer Discretionary,Homebuilding,"Reston, VA",2019-09-26,Homebuilding,Construction
358,ORLY,O'Reilly Automotive,Consumer Discretionary,Specialty Stores,"Springfield, Missouri",2009-03-27,Specialty Stores,Retail trade
359,OXY,Occidental Petroleum,Energy,Oil & Gas Exploration & Production,"Houston, Texas",1982-12-31,,
360,ODFL,Old Dominion Freight Line,Industrials,Trucking,"Thomasville, North Carolina",2019-12-09,Trucking,Transportation and warehousing
361,OMC,Omnicom Group,Communication Services,Advertising,"New York, New York",,Advertising,Information
362,OKE,ONEOK,Energy,Oil & Gas Storage & Transportation,"Tulsa, Oklahoma",2010-03-15,,
363,ORCL,Oracle Corp.,Information Technology,Application Software,"Redwood Shores, California",1989-08-31,Application Software,Information
364,OTIS,Otis Worldwide,Industrials,Industrial Machinery,"Farmington, Connecticut",2020-04-03,Industrial Machinery,Manufacturing
365,PCAR,PACCAR Inc.,Industrials,Construction Machinery & Heavy Trucks,"Bellevue, Washington",1980-12-31,Construction Machinery & Heavy Trucks,Manufacturing
366,PKG,Packaging Corporation of America,Materials,Paper Packaging,"Lake Forest, Illinois",2017-07-26,Paper Packaging,"Forestry, fishing, and related activities"
367,PH,Parker-Hannifin,Industrials,Industrial Machinery,"Cleveland, Ohio",1985-11-30,Industrial Machinery,Manufacturing
368,PAYX,Paychex Inc.,Information Technology,Data Processing & Outsourced Services,"Penfield, New York",,Data Processing & Outsourced Services,"Professional, scientific, and technical services"
369,PAYC,Paycom,Information Technology,Application Software,"Oklahoma City, Oklahoma",2020-01-28,Application Software,Information
370,PYPL,PayPal,Information Technology,Data Processing & Outsourced Services,"San Jose, California",2015-07-20,Data Processing & Outsourced Services,"Professional, scientific, and technical services"
371,PNR,Pentair plc,Industrials,Industrial Machinery,"Worsley, UK",2012-10-01,Industrial Machinery,Manufacturing
372,PBCT,People's United Financial,Financials,Thrifts & Mortgage Finance,"Bridgeport, Connecticut",2008-11-13,Thrifts & Mortgage Finance,Finance and insurance
373,PEP,PepsiCo Inc.,Consumer Staples,Soft Drinks,"Purchase, New York",,Soft Drinks,Wholesale trade
374,PKI,PerkinElmer,Health Care,Health Care Equipment,"Waltham, Massachusetts",1985-05-31,Health Care Equipment,Health care and social assistance
375,PRGO,Perrigo,Health Care,Pharmaceuticals,"Dublin, Ireland",2011-12-19,Pharmaceuticals,Health care and social assistance
376,PFE,Pfizer Inc.,Health Care,Pharmaceuticals,"New York, New York",,Pharmaceuticals,Health care and social assistance
377,PM,Philip Morris International,Consumer Staples,Tobacco,"New York, New York",2008-03-31,,
378,PSX,Phillips 66,Energy,Oil & Gas Refining & Marketing,"Houston, Texas",2012-05-01,Oil & Gas Refining & Marketing,"Mining, quarrying, and oil and gas extraction"
379,PNW,Pinnacle West Capital,Utilities,Multi-Utilities,"Phoenix, Arizona",,Multi-Utilities,Utilities
380,PXD,Pioneer Natural Resources,Energy,Oil & Gas Exploration & Production,"Irving, Texas",2008-09-24,,
381,PNC,PNC Financial Services,Financials,Regional Banks,"Pittsburgh, Pennsylvania",1988-04-30,Regional Banks,Finance and insurance
382,PPG,PPG Industries,Materials,Specialty Chemicals,"Pittsburgh, Pennsylvania",,Specialty Chemicals,Other services (except government and government enterprises)
383,PPL,PPL Corp.,Utilities,Electric Utilities,"Allentown, Pennsylvania",,Electric Utilities,Utilities
384,PFG,Principal Financial Group,Financials,Life & Health Insurance,"Des Moines, Iowa",2002-07-22,Life & Health Insurance,Finance and insurance
385,PG,Procter & Gamble,Consumer Staples,Personal Products,"Cincinnati, Ohio",,Personal Products,Wholesale trade
386,PGR,Progressive Corp.,Financials,Property & Casualty Insurance,"Mayfield Village, Ohio",1997-08-04,Property & Casualty Insurance,Finance and insurance
387,PLD,Prologis,Real Estate,Industrial REITs,"San Francisco, California",2003-07-17,Industrial REITs,Real estate and rental and leasing
388,PRU,Prudential Financial,Financials,Life & Health Insurance,"Newark, New Jersey",2002-07-22,Life & Health Insurance,Finance and insurance
389,PEG,Public Serv. Enterprise Inc.,Utilities,Electric Utilities,"Newark, New Jersey",,Electric Utilities,Utilities
390,PSA,Public Storage,Real Estate,Specialized REITs,"Glendale, California",2005-08-19,Specialized REITs,Real estate and rental and leasing
391,PHM,PulteGroup,Consumer Discretionary,Homebuilding,"Atlanta, Georgia",1984-04-30,Homebuilding,Construction
392,PVH,PVH Corp.,Consumer Discretionary,"Apparel, Accessories & Luxury Goods","New York, New York",2013-02-15,"Apparel, Accessories & Luxury Goods",Retail trade
393,QRVO,Qorvo,Information Technology,Semiconductors,"Greensboro, North Carolina",2015-06-11,Semiconductors,Information
394,PWR,Quanta Services Inc.,Industrials,Construction & Engineering,"Houston, Texas",2009-07-01,Construction & Engineering,Construction
395,QCOM,QUALCOMM Inc.,Information Technology,Semiconductors,"San Diego, California",,Semiconductors,Information
396,DGX,Quest Diagnostics,Health Care,Health Care Services,"Secaucus, New Jersey",2002-12-12,,
397,RL,Ralph Lauren Corporation,Consumer Discretionary,"Apparel, Accessories & Luxury Goods","New York, New York",2007-02-02,"Apparel, Accessories & Luxury Goods",Retail trade
398,RJF,Raymond James Financial Inc.,Financials,Investment Banking & Brokerage,"St. Petersburg, Florida",2017-03-20,Investment Banking & Brokerage,Finance and insurance
399,RTX,Raytheon Technologies,Industrials,Aerospace & Defense,"Waltham, Massachusetts",,Aerospace & Defense,Transportation and warehousing
400,O,Realty Income Corporation,Real Estate,Retail REITs,"San Diego, California",2015-04-07,Retail REITs,Real estate and rental and leasing
401,REG,Regency Centers Corporation,Real Estate,Retail REITs,"Jacksonville, Florida",2017-03-02,Retail REITs,Real estate and rental and leasing
402,REGN,Regeneron Pharmaceuticals,Health Care,Biotechnology,"Tarrytown, New York",2013-05-01,,
403,RF,Regions Financial Corp.,Financials,Regional Banks,"Birmingham, Alabama",1998-08-28,Regional Banks,Finance and insurance
404,RSG,Republic Services Inc,Industrials,Environmental & Facilities Services,"Phoenix, Arizona",2008-12-05,Environmental & Facilities Services,Administrative and support and waste management and remediation services
405,RMD,ResMed,Health Care,Health Care Equipment,"San Diego, California",2017-07-26,Health Care Equipment,Health care and social assistance
406,RHI,Robert Half International,Industrials,Human Resource & Employment Services,"Menlo Park, California",2000-12-05,Human Resource & Employment Services,Administrative and support and waste management and remediation services
407,ROK,Rockwell Automation Inc.,Industrials,Electrical Components & Equipment,"Milwaukee, Wisconsin",,Electrical Components & Equipment,Manufacturing
408,ROL,Rollins Inc.,Industrials,Environmental & Facilities Services,"Atlanta, Georgia",2018-10-01,Environmental & Facilities Services,Administrative and support and waste management and remediation services
409,ROP,Roper Technologies,Industrials,Industrial Conglomerates,"Sarasota, Florida",2009-12-23,Industrial Conglomerates,Manufacturing
410,ROST,Ross Stores,Consumer Discretionary,Apparel Retail,"Dublin, California",2009-12-21,Apparel Retail,Retail trade
411,RCL,Royal Caribbean Cruises Ltd,Consumer Discretionary,"Hotels, Resorts & Cruise Lines","Miami, Florida",2014-12-05,"Hotels, Resorts & Cruise Lines",Accommodation and food services
412,SPGI,"S&P Global, Inc.",Financials,Financial Exchanges & Data,"New York, New York",,Financial Exchanges & Data,Finance and insurance
413,CRM,Salesforce.com,Information Technology,Application Software,"San Francisco, California",2008-09-15,Application Software,Information
414,SBAC,SBA Communications,Real Estate,Specialized REITs,"Boca Raton, Florida",2017-09-01,Specialized REITs,Real estate and rental and leasing
415,SLB,Schlumberger Ltd.,Energy,Oil & Gas Equipment & Services,"Curaçao, Kingdom of the Netherlands",1965-03-31,Oil & Gas Equipment & Services,"Mining, quarrying, and oil and gas extraction"
416,STX,Seagate Technology,Information Technology,"Technology Hardware, Storage & Peripherals","Dublin, Ireland",2012-07-02,,
417,SEE,Sealed Air,Materials,Paper Packaging,"Charlotte, North Carolina",,Paper Packaging,"Forestry, fishing, and related activities"
418,SRE,Sempra Energy,Utilities,Multi-Utilities,"San Diego, California",,Multi-Utilities,Utilities
419,NOW,ServiceNow,Information Technology,Systems Software,"Santa Clara, California",2019-11-21,Systems Software,Information
420,SHW,Sherwin-Williams,Materials,Specialty Chemicals,"Cleveland, Ohio",1964-06-30,Specialty Chemicals,Other services (except government and government enterprises)
421,SPG,Simon Property Group Inc,Real Estate,Retail REITs,"Indianapolis, Indiana",2002-06-26,Retail REITs,Real estate and rental and leasing
422,SWKS,Skyworks Solutions,Information Technology,Semiconductors,"Woburn, Massachusetts",2015-03-12,Semiconductors,Information
423,SLG,SL Green Realty,Real Estate,Office REITs,"New York, New York",2015-03-20,Office REITs,Real estate and rental and leasing
424,SNA,Snap-on,Industrials,Industrial Machinery,"Kenosha, Wisconsin",1982-09-30,Industrial Machinery,Manufacturing
425,SO,Southern Company,Utilities,Electric Utilities,"Atlanta, Georgia",,Electric Utilities,Utilities
426,LUV,Southwest Airlines,Industrials,Airlines,"Dallas, Texas",1994-07-01,Airlines,Transportation and warehousing
427,SWK,Stanley Black & Decker,Industrials,Industrial Machinery,"New Britain, Connecticut",1982-09-30,Industrial Machinery,Manufacturing
428,SBUX,Starbucks Corp.,Consumer Discretionary,Restaurants,"Seattle, Washington",,Restaurants,Accommodation and food services
429,STT,State Street Corp.,Financials,Asset Management & Custody Banks,"Boston, Massachusetts",,Asset Management & Custody Banks,Finance and insurance
430,STE,STERIS plc,Health Care,Health Care Equipment,"Dublin, Ireland",2019-12-23,Health Care Equipment,Health care and social assistance
431,SYK,Stryker Corp.,Health Care,Health Care Equipment,"Kalamazoo, Michigan",2000-12-12,Health Care Equipment,Health care and social assistance
432,SIVB,SVB Financial,Financials,Regional Banks,"Santa Clara, California",2018-03-19,Regional Banks,Finance and insurance
433,SYF,Synchrony Financial,Financials,Consumer Finance,"Stamford, Connecticut",2015-11-18,Consumer Finance,Finance and insurance
434,SNPS,Synopsys Inc.,Information Technology,Application Software,"Mountain View, California",2017-03-16,Application Software,Information
435,SYY,Sysco Corp.,Consumer Staples,Food Distributors,"Houston, Texas",1986-12-31,Food Distributors,Wholesale trade
436,TMUS,T-Mobile US,Communication Services,Wireless Telecommunication Services,"Bellevue, Washington",2019-07-15,Wireless Telecommunication Services,Information
437,TROW,T. Rowe Price Group,Financials,Asset Management & Custody Banks,"Baltimore, Maryland",,Asset Management & Custody Banks,Finance and insurance
438,TTWO,Take-Two Interactive,Communication Services,Interactive Home Entertainment,"New York, New York",2018-03-19,Interactive Home Entertainment,"Arts, entertainment, and recreation"
439,TPR,"Tapestry, Inc.",Consumer Discretionary,"Apparel, Accessories & Luxury Goods","New York, New York",,"Apparel, Accessories & Luxury Goods",Retail trade
440,TGT,Target Corp.,Consumer Discretionary,General Merchandise Stores,"Minneapolis, Minnesota",1976-12-31,General Merchandise Stores,Retail trade
441,TEL,TE Connectivity Ltd.,Information Technology,Electronic Manufacturing Services,"Schaffhausen, Switzerland",2011-10-17,Electronic Manufacturing Services,Manufacturing
442,FTI,TechnipFMC,Energy,Oil & Gas Equipment & Services,"London, United Kingdom",2009-06-05,Oil & Gas Equipment & Services,"Mining, quarrying, and oil and gas extraction"
443,TFX,Teleflex,Health Care,Health Care Equipment,"Wayne, Pennsylvania",2019-01-18,Health Care Equipment,Health care and social assistance
444,TXN,Texas Instruments,Information Technology,Semiconductors,"Dallas, Texas",,Semiconductors,Information
445,TXT,Textron Inc.,Industrials,Aerospace & Defense,"Providence, Rhode Island",1978-12-31,Aerospace & Defense,Transportation and warehousing
446,TMO,Thermo Fisher Scientific,Health Care,Life Sciences Tools & Services,"Waltham, Massachusetts",,Life Sciences Tools & Services,Health care and social assistance
447,TIF,Tiffany & Co.,Consumer Discretionary,"Apparel, Accessories & Luxury Goods","New York, New York",2000-06-21,"Apparel, Accessories & Luxury Goods",Retail trade
448,TJX,TJX Companies Inc.,Consumer Discretionary,Apparel Retail,"Framingham, Massachusetts",1985-09-30,Apparel Retail,Retail trade
449,TSCO,Tractor Supply Company,Consumer Discretionary,Specialty Stores,"Brentwood, Tennessee",2014-01-24,Specialty Stores,Retail trade
450,TT,Trane Technologies plc,Industrials,Building Products,"Dublin, Ireland",2010-11-17,Building Products,Construction
451,TDG,TransDigm Group,Industrials,Aerospace & Defense,"Cleveland, Ohio",2016-06-03,Aerospace & Defense,Transportation and warehousing
452,TRV,The Travelers Companies Inc.,Financials,Property & Casualty Insurance,"New York, New York",2002-08-21,Property & Casualty Insurance,Finance and insurance
453,TFC,Truist Financial,Financials,Regional Banks,"Charlotte, North Carolina",1997-12-04,Regional Banks,Finance and insurance
454,TWTR,"Twitter, Inc.",Communication Services,Interactive Media & Services,"San Francisco, California",2018-06-07,Interactive Media & Services,"Arts, entertainment, and recreation"
455,TSN,Tyson Foods,Consumer Staples,Packaged Foods & Meats,"Springdale, Arkansas",,Packaged Foods & Meats,Wholesale trade
456,UDR,"UDR, Inc.",Real Estate,Residential REITs,"Highlands Ranch, Colorado",2016-03-07,Residential REITs,Real estate and rental and leasing
457,ULTA,Ulta Beauty,Consumer Discretionary,Specialty Stores,"Bolingbrook, Illinois",2016-04-18,Specialty Stores,Retail trade
458,USB,U.S. Bancorp,Financials,Diversified Banks,"Minneapolis, Minnesota",,Diversified Banks,Finance and insurance
459,UAA,Under Armour Class A,Consumer Discretionary,"Apparel, Accessories & Luxury Goods","Baltimore, Maryland",2014-05-01,"Apparel, Accessories & Luxury Goods",Retail trade
460,UA,Under Armour Class C,Consumer Discretionary,"Apparel, Accessories & Luxury Goods","Baltimore, Maryland",2016-04-08,"Apparel, Accessories & Luxury Goods",Retail trade
461,UNP,Union Pacific Corp,Industrials,Railroads,"Omaha, Nebraska",,Railroads,Transportation and warehousing
462,UAL,United Airlines Holdings,Industrials,Airlines,"Chicago, Illinois",2015-09-03,Airlines,Transportation and warehousing
463,UNH,United Health Group Inc.,Health Care,Managed Health Care,"Minnetonka, Minnesota",1994-07-01,Managed Health Care,Health care and social assistance
464,UPS,United Parcel Service,Industrials,Air Freight & Logistics,"Atlanta, Georgia",2002-07-22,Air Freight & Logistics,Transportation and warehousing
465,URI,"United Rentals, Inc.",Industrials,Trading Companies & Distributors,"Stamford, Connecticut",2014-09-20,,
466,UHS,"Universal Health Services, Inc.",Health Care,Health Care Facilities,"King of Prussia, Pennsylvania",2014-09-20,Health Care Facilities,Health care and social assistance
467,UNM,Unum Group,Financials,Life & Health Insurance,"Chattanooga, Tennessee",1994-03-01,Life & Health Insurance,Finance and insurance
468,VFC,V.F. Corp.,Consumer Discretionary,"Apparel, Accessories & Luxury Goods","Greensboro, North Carolina",1979-06-30,"Apparel, Accessories & Luxury Goods",Retail trade
469,VLO,Valero Energy,Energy,Oil & Gas Refining & Marketing,"San Antonio, Texas",,Oil & Gas Refining & Marketing,"Mining, quarrying, and oil and gas extraction"
470,VAR,Varian Medical Systems,Health Care,Health Care Equipment,"Palo Alto, California",2007-02-12,Health Care Equipment,Health care and social assistance
471,VTR,Ventas Inc,Real Estate,Health Care REITs,"Chicago, Illinois",2009-03-04,Health Care REITs,Real estate and rental and leasing
472,VRSN,Verisign Inc.,Information Technology,Internet Services & Infrastructure,"Dulles, Virginia",2006-02-01,Internet Services & Infrastructure,Utilities
473,VRSK,Verisk Analytics,Industrials,Research & Consulting Services,"Jersey City, New Jersey",2015-10-08,Research & Consulting Services,"Professional, scientific, and technical services"
474,VZ,Verizon Communications,"Communication Services
",Integrated Telecommunication Services,"New York, New York",1983-11-30,Integrated Telecommunication Services,Information
475,VRTX,Vertex Pharmaceuticals Inc,Health Care,Biotechnology,"Cambridge, Massachusetts",2013-09-23,,
476,VIAC,ViacomCBS,Communication Services,Movies & Entertainment,"New York, New York",,Movies & Entertainment,"Arts, entertainment, and recreation"
477,V,Visa Inc.,Information Technology,Data Processing & Outsourced Services,"San Francisco, California",2009-12-21,Data Processing & Outsourced Services,"Professional, scientific, and technical services"
478,VNO,Vornado Realty Trust,Real Estate,Office REITs,"New York, New York",,Office REITs,Real estate and rental and leasing
479,VMC,Vulcan Materials,Materials,Construction Materials,"Birmingham, Alabama",1999-06-30,Construction Materials,Construction
480,WRB,W. R. Berkley Corporation,Financials,Property & Casualty Insurance,"Greenwich, Connecticut",2019-12-05,Property & Casualty Insurance,Finance and insurance
481,WAB,Wabtec Corporation,Industrials,Construction Machinery & Heavy Trucks,"Wilmerding, Pennsylvania",2019-02-27,Construction Machinery & Heavy Trucks,Manufacturing
482,WMT,Walmart,Consumer Staples,Hypermarkets & Super Centers,"Bentonville, Arkansas",1982-08-31,Hypermarkets & Super Centers,Retail trade
483,WBA,Walgreens Boots Alliance,Consumer Staples,Drug Retail,"Deerfield, Illinois",1979-12-31,Drug Retail,Retail trade
484,DIS,The Walt Disney Company,Communication Services,Movies & Entertainment,"Burbank, California",1976-06-30,Movies & Entertainment,"Arts, entertainment, and recreation"
485,WM,Waste Management Inc.,Industrials,Environmental & Facilities Services,"Houston, Texas",,Environmental & Facilities Services,Administrative and support and waste management and remediation services
486,WAT,Waters Corporation,Health Care,Health Care Distributors,"Milford, Massachusetts",,Health Care Distributors,Health care and social assistance
487,WEC,WEC Energy Group,Utilities,Electric Utilities,"Milwaukee, Wisconsin",2008-10-31,Electric Utilities,Utilities
488,WFC,Wells Fargo,Financials,Diversified Banks,"San Francisco, California",1976-06-30,Diversified Banks,Finance and insurance
489,WELL,Welltower Inc.,Real Estate,Health Care REITs,"Toledo, Ohio",2009-01-30,Health Care REITs,Real estate and rental and leasing
490,WDC,Western Digital,Information Technology,"Technology Hardware, Storage & Peripherals","Irvine, California",2009-07-01,,
491,WU,Western Union Co,Information Technology,Data Processing & Outsourced Services,"Englewood, Colorado",,Data Processing & Outsourced Services,"Professional, scientific, and technical services"
492,WRK,WestRock,Materials,Paper Packaging,"Richmond, Virginia",,Paper Packaging,"Forestry, fishing, and related activities"
493,WY,Weyerhaeuser,Real Estate,Specialized REITs,"Federal Way, Washington",,Specialized REITs,Real estate and rental and leasing
494,WHR,Whirlpool Corp.,Consumer Discretionary,Household Appliances,"Benton Harbor, Michigan",,Household Appliances,Retail trade
495,WMB,Williams Cos.,Energy,Oil & Gas Storage & Transportation,"Tulsa, Oklahoma",1975-03-31,,
496,WLTW,Willis Towers Watson,Financials,Insurance Brokers,"London, United Kingdom",2016-01-05,Insurance Brokers,Finance and insurance
497,WYNN,Wynn Resorts Ltd,Consumer Discretionary,Casinos & Gaming,"Paradise, Nevada",2008-11-14,Casinos & Gaming,"Arts, entertainment, and recreation"
498,XEL,Xcel Energy Inc,Utilities,Multi-Utilities,"Minneapolis, Minnesota",,Multi-Utilities,Utilities
499,XRX,Xerox,Information Technology,"Technology Hardware, Storage & Peripherals","Norwalk, Connecticut",,,
500,XLNX,Xilinx,Information Technology,Semiconductors,"San Jose, California",1999-11-08,Semiconductors,Information
501,XYL,Xylem Inc.,Industrials,Industrial Machinery,"White Plains, New York",2011-11-01,Industrial Machinery,Manufacturing
502,YUM,Yum! Brands Inc,Consumer Discretionary,Restaurants,"Louisville, Kentucky",1997-10-06,Restaurants,Accommodation and food services
503,ZBRA,Zebra Technologies,Information Technology,Electronic Equipment & Instruments,"Lincolnshire, Illinois",2019-12-23,Electronic Equipment & Instruments,Manufacturing
504,ZBH,Zimmer Biomet Holdings,Health Care,Health Care Equipment,"Warsaw, Indiana",2001-08-07,Health Care Equipment,Health care and social assistance
505,ZION,Zions Bancorp,Financials,Regional Banks,"Salt Lake City, Utah",2001-06-22,Regional Banks,Finance and insurance
